variant,m,n,k,us,tflops,gbps,sm_mhz,power_w,backend
tp1,1,5120,13824,13.210,10.72,3023.53,2062,421.2,CUBLASLT
tp1,1,5120,13824,24.448,5.79,1633.71,2062,425.5,CUTLASS
tp1,2,5120,13824,12.800,22.12,3121.72,2062,419.4,CUBLASLT
tp1,2,5120,13824,24.454,11.58,1634.01,2062,421.1,CUTLASS
tp1,4,5120,13824,12.790,44.27,3126.84,2062,420.2,CUBLASLT
tp1,4,5120,13824,24.438,23.17,1636.48,2062,419.5,CUTLASS
tp1,8,5120,13824,13.056,86.74,3068.39,2062,421.8,CUBLASLT
tp1,8,5120,13824,24.528,46.17,1633.27,2062,420.2,CUTLASS
tp1,16,5120,13824,13.053,173.52,3079.61,2062,424.2,CUBLASLT
tp1,16,5120,13824,24.486,92.50,1641.68,2062,424.2,CUTLASS
tp1,32,5120,13824,16.355,276.97,2474.63,2062,431.9,CUBLASLT
tp1,32,5120,13824,24.442,185.33,1655.86,2062,431.4,CUTLASS
tp1,64,5120,13824,16.410,552.08,2499.78,2062,430.7,CUBLASLT
tp1,64,5120,13824,24.602,368.25,1667.40,2062,431.7,CUTLASS
tp1,128,5120,13824,16.515,1097.15,2550.36,2062,437.1,CUBLASLT
tp1,128,5120,13824,24.976,725.47,1686.39,2062,430.7,CUTLASS
tp1,129,5120,13824,16.451,1110.02,2568.05,2062,408.4,CUBLASLT
tp1,129,5120,13824,24.963,731.52,1692.38,2062,422.3,CUTLASS
tp1,256,5120,13824,16.883,2146.47,2631.36,2062,439.4,CUBLASLT
tp1,256,5120,13824,25.059,1446.14,1772.82,2062,439.3,CUTLASS
tp1,257,5120,13824,18.064,2013.97,2466.40,2062,402.6,CUBLASLT
tp1,257,5120,13824,25.136,1447.34,1772.48,2062,399.4,CUTLASS
tp1,512,5120,13824,25.552,2836.47,1919.12,2062,415.5,CUBLASLT
tp1,512,5120,13824,25.402,2853.22,1930.45,2062,415.0,CUTLASS
tp1,513,5120,13824,23.421,3100.60,2099.19,2062,432.0,CUBLASLT
tp1,513,5120,13824,40.083,1811.72,1226.58,2062,432.0,CUTLASS
tp1,1024,5120,13824,37.242,3892.25,1564.40,2062,440.1,CUBLASLT
tp1,1024,5120,13824,43.421,3338.36,1341.78,2062,444.0,CUTLASS
tp1,1536,5120,13824,47.613,4566.67,1417.38,2062,431.2,CUBLASLT
tp1,1536,5120,13824,44.714,4862.74,1509.27,2062,431.2,CUTLASS
tp1,2048,5120,13824,69.123,4194.12,1109.76,2062,426.5,CUBLASLT
tp1,2048,5120,13824,65.408,4432.34,1172.79,2062,433.3,CUTLASS
tp1,4096,5120,13824,107.245,5406.50,1059.32,2062,423.8,CUBLASLT
tp1,4096,5120,13824,109.047,5317.16,1041.81,2062,426.7,CUTLASS
tp1,5120,5120,13824,127.418,5688.17,1036.39,2062,432.8,CUBLASLT
tp1,5120,5120,13824,127.639,5678.33,1034.60,2062,432.8,CUTLASS
tp1,8192,5120,13824,187.841,6173.53,997.65,2062,428.3,CUBLASLT
tp1,8192,5120,13824,194.500,5962.17,963.50,2062,423.2,CUTLASS
tp1,10240,5120,13824,225.664,6423.49,993.94,2062,434.9,CUBLASLT
tp1,10240,5120,13824,237.140,6112.64,945.84,2062,433.0,CUTLASS
tp1,16384,5120,13824,346.445,6694.52,966.93,2062,436.2,CUBLASLT
tp1,16384,5120,13824,354.222,6547.54,945.70,2062,430.8,CUTLASS
tp1,20480,5120,13824,441.630,6564.55,925.62,2062,452.1,CUBLASLT
tp1,20480,5120,13824,426.922,6790.71,957.51,2062,439.6,CUTLASS
tp4,1,5120,3456,7.437,4.76,1343.67,2062,443.9,CUBLASLT
tp4,1,5120,3456,10.883,3.25,918.21,2062,443.9,CUTLASS
tp4,2,5120,3456,7.366,9.61,1358.25,2062,450.6,CUBLASLT
tp4,2,5120,3456,10.938,6.47,914.69,2062,450.6,CUTLASS
tp4,4,5120,3456,7.405,19.12,1354.33,2062,451.5,CUBLASLT
tp4,4,5120,3456,10.928,12.95,917.72,2062,451.1,CUTLASS
tp4,8,5120,3456,7.325,38.65,1375.65,2062,444.7,CUBLASLT
tp4,8,5120,3456,10.998,25.74,916.23,2062,450.8,CUTLASS
tp4,16,5120,3456,7.520,75.30,1352.71,2062,440.3,CUBLASLT
tp4,16,5120,3456,10.954,51.69,928.65,2062,444.6,CUTLASS
tp4,32,5120,3456,7.453,151.95,1390.57,2062,435.3,CUBLASLT
tp4,32,5120,3456,10.883,104.06,952.30,2062,438.4,CUTLASS
tp4,64,5120,3456,7.498,302.07,1433.30,2062,445.3,CUBLASLT
tp4,64,5120,3456,11.027,205.40,974.60,2062,445.3,CUTLASS
tp4,128,5120,3456,7.616,594.78,1511.66,2062,440.8,CUBLASLT
tp4,128,5120,3456,11.312,400.45,1017.75,2062,441.2,CUTLASS
tp4,129,5120,3456,7.443,613.36,1552.12,2062,463.3,CUBLASLT
tp4,129,5120,3456,11.053,413.03,1045.19,2062,458.9,CUTLASS
tp4,256,5120,3456,7.635,1186.60,1712.17,2062,453.9,CUBLASLT
tp4,256,5120,3456,11.325,799.97,1154.29,2062,447.4,CUTLASS
tp4,257,5120,3456,7.462,1218.85,1757.17,2062,463.7,CUBLASLT
tp4,257,5120,3456,11.027,824.80,1189.08,2062,465.0,CUTLASS
tp4,512,5120,3456,10.083,1797.02,1605.82,2062,461.1,CUBLASLT
tp4,512,5120,3456,11.194,1618.67,1446.44,2062,460.8,CUTLASS
tp4,513,5120,3456,9.427,1925.83,1721.77,2062,470.3,CUBLASLT
tp4,513,5120,3456,14.496,1252.40,1119.70,2062,470.4,CUTLASS
tp4,1024,5120,3456,13.366,2711.27,1678.12,2062,441.3,CUBLASLT
tp4,1024,5120,3456,16.070,2255.06,1395.75,2062,451.5,CUTLASS
tp4,1536,5120,3456,16.182,3359.18,1771.59,2062,469.7,CUBLASLT
tp4,1536,5120,3456,16.544,3285.67,1732.83,2062,469.7,CUTLASS
tp4,2048,5120,3456,19.178,3779.20,1820.11,2062,429.3,CUBLASLT
tp4,2048,5120,3456,21.805,3323.90,1600.83,2062,441.3,CUTLASS
tp4,4096,5120,3456,29.533,4908.24,2026.85,2062,416.2,CUBLASLT
tp4,4096,5120,3456,33.680,4303.89,1777.28,2062,428.6,CUTLASS
tp4,5120,5120,3456,35.389,5120.06,2044.01,2062,471.2,CUBLASLT
tp4,5120,5120,3456,39.149,4628.32,1847.69,2062,470.8,CUTLASS
tp4,8192,5120,3456,54.781,5292.17,2003.70,2062,411.3,CUBLASLT
tp4,8192,5120,3456,60.896,4760.74,1802.49,2062,414.1,CUTLASS
tp4,10240,5120,3456,68.685,5276.08,1961.38,2062,475.9,CUBLASLT
tp4,10240,5120,3456,72.358,5008.26,1861.82,2062,472.3,CUTLASS
tp4,16384,5120,3456,107.946,5371.39,1941.49,2062,412.4,CUBLASLT
tp4,16384,5120,3456,108.967,5321.07,1923.30,2062,412.5,CUTLASS
tp4,20480,5120,3456,134.141,5403.09,1934.39,2062,480.1,CUBLASLT
tp4,20480,5120,3456,131.844,5497.22,1968.10,2062,476.0,CUTLASS
tp8,1,5120,1728,5.430,3.26,921.10,2062,411.3,CUBLASLT
tp8,1,5120,1728,8.150,2.17,613.69,2062,411.3,CUTLASS
tp8,2,5120,1728,5.363,6.60,934.68,2062,415.1,CUBLASLT
tp8,2,5120,1728,8.070,4.39,621.15,2062,415.1,CUTLASS
tp8,4,5120,1728,5.462,12.96,921.80,2062,423.2,CUBLASLT
tp8,4,5120,1728,8.080,8.76,623.13,2062,422.2,CUTLASS
tp8,8,5120,1728,5.305,26.68,957.45,2062,426.3,CUBLASLT
tp8,8,5120,1728,8.195,17.27,619.80,2062,424.8,CUTLASS
tp8,16,5120,1728,5.469,51.77,944.99,2062,423.1,CUBLASLT
tp8,16,5120,1728,8.205,34.51,629.88,2062,426.1,CUTLASS
tp8,32,5120,1728,5.466,103.59,978.01,2062,427.8,CUBLASLT
tp8,32,5120,1728,8.131,69.64,657.46,2062,423.1,CUTLASS
tp8,64,5120,1728,5.478,206.73,1040.73,2062,425.1,CUBLASLT
tp8,64,5120,1728,8.106,139.71,703.32,2062,427.9,CUTLASS
tp8,128,5120,1728,5.533,409.35,1158.82,2062,425.1,CUBLASLT
tp8,128,5120,1728,8.563,264.50,748.78,2062,425.0,CUTLASS
tp8,129,5120,1728,5.680,401.87,1133.22,2062,484.2,CUBLASLT
tp8,129,5120,1728,8.384,272.26,767.74,2062,480.1,CUTLASS
tp8,256,5120,1728,5.683,797.09,1380.77,2062,426.3,CUBLASLT
tp8,256,5120,1728,8.643,524.11,907.89,2062,425.2,CUTLASS
tp8,257,5120,1728,5.581,814.83,1410.47,2062,481.5,CUBLASLT
tp8,257,5120,1728,8.342,545.14,943.64,2062,484.5,CUTLASS
tp8,512,5120,1728,7.350,1232.61,1458.12,2062,478.4,CUBLASLT
tp8,512,5120,1728,8.435,1074.06,1270.56,2062,478.4,CUTLASS
tp8,513,5120,1728,6.912,1313.28,1554.12,2062,463.9,CUBLASLT
tp8,513,5120,1728,10.083,900.27,1065.37,2062,463.9,CUTLASS
tp8,1024,5120,1728,8.707,2081.01,1890.17,2062,427.7,CUBLASLT
tp8,1024,5120,1728,11.629,1558.12,1415.23,2062,427.8,CUTLASS
tp8,1536,5120,1728,10.899,2493.72,2036.73,2062,454.7,CUBLASLT
tp8,1536,5120,1728,11.907,2282.61,1864.30,2062,458.8,CUTLASS
tp8,2048,5120,1728,12.822,2826.30,2178.97,2062,426.7,CUBLASLT
tp8,2048,5120,1728,15.302,2368.24,1825.83,2062,426.6,CUTLASS
tp8,4096,5120,1728,20.451,3543.96,2488.92,2062,427.5,CUBLASLT
tp8,4096,5120,1728,21.981,3297.28,2315.68,2062,427.5,CUTLASS
tp8,5120,5120,1728,21.872,4142.14,2852.14,2062,458.7,CUBLASLT
tp8,5120,5120,1728,25.504,3552.26,2445.97,2062,455.0,CUTLASS
tp8,8192,5120,1728,36.102,4015.16,2681.99,2062,426.9,CUBLASLT
tp8,8192,5120,1728,36.301,3993.14,2667.29,2062,426.9,CUTLASS
tp8,10240,5120,1728,40.992,4420.23,2922.22,2062,460.1,CUBLASLT
tp8,10240,5120,1728,42.672,4246.20,2807.17,2062,458.7,CUTLASS
tp8,16384,5120,1728,66.938,4331.03,2818.64,2062,425.3,CUBLASLT
tp8,16384,5120,1728,65.600,4419.36,2876.13,2062,425.5,CUTLASS
tp8,20480,5120,1728,80.941,4477.19,2898.39,2062,463.9,CUBLASLT
tp8,20480,5120,1728,81.533,4444.68,2877.34,2062,462.2,CUTLASS
